schema_version,1
category,id,source_section,resource_path,owner_system,implementation_state,asset_status,validation_state,resource_required
# Story levels 0-15
StoryLevel,level_00_tutorial,3|7,res://scenes/campaign/Level_00_Tutorial.tscn,StoryManager,Prototype,Placeholder,Valid,true
StoryLevel,level_01_florence,3|7,res://scenes/campaign/Level_01_Florence.tscn,StoryManager,Prototype,Placeholder,Valid,true
StoryLevel,level_02_orleans,3|7,res://scenes/campaign/Level_02_Orleans.tscn,StoryManager,Implemented,ReadyForReplacement,Valid,true
StoryLevel,level_03_chicago,3|7,res://scenes/campaign/Level_03_Chicago.tscn,StoryManager,Implemented,ReadyForReplacement,Valid,true
StoryLevel,level_04_paris,3|7,res://scenes/campaign/Level_04_Paris.tscn,StoryManager,Implemented,ReadyForReplacement,Valid,true
StoryLevel,level_05_titanic,3|7,res://scenes/campaign/Level_05_Titanic.tscn,StoryManager,Implemented,ReadyForReplacement,Valid,true
StoryLevel,level_06_pompeii,3|7,res://scenes/campaign/Level_06_Pompeii.tscn,StoryManager,Implemented,ReadyForReplacement,Valid,true
StoryLevel,level_07_nassau,3|7,res://scenes/campaign/Level_07_Nassau.tscn,StoryManager,Implemented,ReadyForReplacement,Valid,true
StoryLevel,level_08_egypt,3|7,res://scenes/campaign/Level_08_Egypt.tscn,StoryManager,Implemented,ReadyForReplacement,Valid,true
StoryLevel,level_09_berlin,3|7,res://scenes/campaign/Level_09_Berlin.tscn,StoryManager,Implemented,ReadyForReplacement,Valid,true
StoryLevel,level_10_globe,3|7,res://scenes/campaign/Level_10_Globe.tscn,StoryManager,Implemented,ReadyForReplacement,Valid,true
StoryLevel,level_11_gettysburg,3|7,res://scenes/campaign/Level_11_Gettysburg.tscn,StoryManager,Implemented,ReadyForReplacement,Valid,true
StoryLevel,level_12_lunar,3|7,res://scenes/campaign/Level_12_Lunar.tscn,StoryManager,Implemented,ReadyForReplacement,Valid,true
StoryLevel,level_13_chronal_void,3|7,res://scenes/campaign/Level_13_ChronalVoid.tscn,StoryManager,Implemented,ReadyForReplacement,Valid,true
StoryLevel,level_14_neo_earth,3|7,res://scenes/campaign/Level_14_NeoEarth.tscn,StoryManager,Implemented,ReadyForReplacement,Valid,true
StoryLevel,level_15_alexandria,3|7,res://scenes/campaign/Level_15_Alexandria.tscn,StoryManager,Implemented,ReadyForReplacement,Valid,true
# Ten independent Fighter stage targets
FighterStage,florence_workshop,10,res://scenes/fighter/FighterStage_Florence.tscn,FighterStageCatalog,Implemented,Placeholder,Valid,true
FighterStage,orleans_vanguard,10,res://scenes/fighter/FighterStage_Orleans.tscn,FighterStageCatalog,Planned,Placeholder,Pending,true
FighterStage,chicago_exposition,10,res://scenes/fighter/FighterStage_Chicago.tscn,FighterStageCatalog,Planned,Placeholder,Pending,true
FighterStage,paris_bastille,10,res://scenes/fighter/FighterStage_Paris.tscn,FighterStageCatalog,Planned,Placeholder,Pending,true
FighterStage,pompeii_caldera,10,res://scenes/fighter/FighterStage_Pompeii.tscn,FighterStageCatalog,Planned,Placeholder,Pending,true
FighterStage,nassau_flagship,10,res://scenes/fighter/FighterStage_Nassau.tscn,FighterStageCatalog,Planned,Placeholder,Pending,true
FighterStage,egypt_chambers,10,res://scenes/fighter/FighterStage_Egypt.tscn,FighterStageCatalog,Planned,Placeholder,Pending,true
FighterStage,berlin_wall,10,res://scenes/fighter/FighterStage_Berlin.tscn,FighterStageCatalog,Planned,Placeholder,Pending,true
FighterStage,globe_theatre,10,res://scenes/fighter/FighterStage_Globe.tscn,FighterStageCatalog,Planned,Placeholder,Pending,true
FighterStage,gettysburg_ridge,10,res://scenes/fighter/FighterStage_Gettysburg.tscn,FighterStageCatalog,Planned,Placeholder,Pending,true
# Initial roster
Character,einstein,5,res://resources/Characters/einstein_data.tres,CharacterFactory,Implemented,ReadyForReplacement,Valid,true
Character,joan,5,res://resources/Characters/joan_data.tres,CharacterFactory,Implemented,ReadyForReplacement,Valid,true
Character,leonardo,5,res://resources/Characters/leonardo_data.tres,CharacterFactory,Implemented,ReadyForReplacement,Valid,true
Character,lincoln,5,res://resources/Characters/lincoln_data.tres,CharacterFactory,Implemented,ReadyForReplacement,Valid,true
Character,cleopatra,5,res://resources/Characters/cleopatra_data.tres,CharacterFactory,Implemented,ReadyForReplacement,Valid,true
Character,tesla,5,res://resources/Characters/tesla_data.tres,CharacterFactory,Implemented,ReadyForReplacement,Valid,true
Character,shakespeare,5,res://resources/Characters/shakespeare_data.tres,CharacterFactory,Implemented,ReadyForReplacement,Valid,true
Character,mozart,5,res://resources/Characters/mozart_data.tres,CharacterFactory,Implemented,ReadyForReplacement,Valid,true
Character,pocahontas,5,res://resources/Characters/pocahontas_data.tres,CharacterFactory,Implemented,ReadyForReplacement,Valid,true
# Thirty-six canonical abilities
Ability,einstein_mass_energy_conversion,5,res://resources/Abilities/einstein/special_1.tres,AbilitySystem,Implemented,ReadyForReplacement,Valid,true
Ability,einstein_relativity_rift,5,res://resources/Abilities/einstein/special_2.tres,AbilitySystem,Implemented,ReadyForReplacement,Valid,true
Ability,einstein_relativity_warp,5,res://resources/Abilities/einstein/movement.tres,AbilitySystem,Implemented,ReadyForReplacement,Valid,true
Ability,einstein_cosmological_constant,5,res://resources/Abilities/einstein/ultimate.tres,AbilitySystem,Implemented,ReadyForReplacement,Valid,true
Ability,joan_righteous_smite,5,res://resources/Abilities/joan/special_1.tres,AbilitySystem,Implemented,ReadyForReplacement,Valid,true
Ability,joan_divine_piercing,5,res://resources/Abilities/joan/special_2.tres,AbilitySystem,Implemented,ReadyForReplacement,Valid,true
Ability,joan_ascendant_wings,5,res://resources/Abilities/joan/movement.tres,AbilitySystem,Implemented,ReadyForReplacement,Valid,true
Ability,joan_grand_crusade,5,res://resources/Abilities/joan/ultimate.tres,AbilitySystem,Implemented,ReadyForReplacement,Valid,true
Ability,leonardo_golden_ratio,5,res://resources/Abilities/leonardo/special_1.tres,AbilitySystem,Implemented,ReadyForReplacement,Valid,true
Ability,leonardo_clockwork_turret,5,res://resources/Abilities/leonardo/special_2.tres,AbilitySystem,Implemented,ReadyForReplacement,Valid,true
Ability,leonardo_ornithopter_flight,5,res://resources/Abilities/leonardo/movement.tres,AbilitySystem,Implemented,ReadyForReplacement,Valid,true
Ability,leonardo_vitruvian_matrix,5,res://resources/Abilities/leonardo/ultimate.tres,AbilitySystem,Implemented,ReadyForReplacement,Valid,true
Ability,lincoln_emancipator,5,res://resources/Abilities/lincoln/special_1.tres,AbilitySystem,Implemented,ReadyForReplacement,Valid,true
Ability,lincoln_splitting_strike,5,res://resources/Abilities/lincoln/special_2.tres,AbilitySystem,Implemented,ReadyForReplacement,Valid,true
Ability,lincoln_rail_charge,5,res://resources/Abilities/lincoln/movement.tres,AbilitySystem,Implemented,ReadyForReplacement,Valid,true
Ability,lincoln_union_indestructible,5,res://resources/Abilities/lincoln/ultimate.tres,AbilitySystem,Implemented,ReadyForReplacement,Valid,true
Ability,cleopatra_serpent_nest,5,res://resources/Abilities/cleopatra/special_1.tres,AbilitySystem,Implemented,ReadyForReplacement,Valid,true
Ability,cleopatra_sandstorm_vortex,5,res://resources/Abilities/cleopatra/special_2.tres,AbilitySystem,Implemented,ReadyForReplacement,Valid,true
Ability,cleopatra_desert_mirage,5,res://resources/Abilities/cleopatra/movement.tres,AbilitySystem,Implemented,ReadyForReplacement,Valid,true
Ability,cleopatra_wrath_of_the_nile,5,res://resources/Abilities/cleopatra/ultimate.tres,AbilitySystem,Implemented,ReadyForReplacement,Valid,true
Ability,tesla_tesla_coil,5,res://resources/Abilities/tesla/special_1.tres,AbilitySystem,Implemented,ReadyForReplacement,Valid,true
Ability,tesla_lorentz_pulse,5,res://resources/Abilities/tesla/special_2.tres,AbilitySystem,Implemented,ReadyForReplacement,Valid,true
Ability,tesla_lightning_blink,5,res://resources/Abilities/tesla/movement.tres,AbilitySystem,Implemented,ReadyForReplacement,Valid,true
Ability,tesla_wardenclyffe_cataclysm,5,res://resources/Abilities/tesla/ultimate.tres,AbilitySystem,Implemented,ReadyForReplacement,Valid,true
Ability,shakespeare_yoricks_lament,5,res://resources/Abilities/shakespeare/special_1.tres,AbilitySystem,Implemented,ReadyForReplacement,Valid,true
Ability,shakespeare_the_tempest,5,res://resources/Abilities/shakespeare/special_2.tres,AbilitySystem,Implemented,ReadyForReplacement,Valid,true
Ability,shakespeare_prosperos_flight,5,res://resources/Abilities/shakespeare/movement.tres,AbilitySystem,Implemented,ReadyForReplacement,Valid,true
Ability,shakespeare_all_the_worlds_a_stage,5,res://resources/Abilities/shakespeare/ultimate.tres,AbilitySystem,Implemented,ReadyForReplacement,Valid,true
Ability,mozart_requiem_chord,5,res://resources/Abilities/mozart/special_1.tres,AbilitySystem,Implemented,ReadyForReplacement,Valid,true
Ability,mozart_fortissimo_wave,5,res://resources/Abilities/mozart/special_2.tres,AbilitySystem,Implemented,ReadyForReplacement,Valid,true
Ability,mozart_sonata_drift,5,res://resources/Abilities/mozart/movement.tres,AbilitySystem,Implemented,ReadyForReplacement,Valid,true
Ability,mozart_symphony_of_sorrow,5,res://resources/Abilities/mozart/ultimate.tres,AbilitySystem,Implemented,ReadyForReplacement,Valid,true
Ability,pocahontas_spirit_strike,5,res://resources/Abilities/pocahontas/special_1.tres,AbilitySystem,Implemented,ReadyForReplacement,Valid,true
Ability,pocahontas_vine_snare,5,res://resources/Abilities/pocahontas/special_2.tres,AbilitySystem,Implemented,ReadyForReplacement,Valid,true
Ability,pocahontas_breeze_glide,5,res://resources/Abilities/pocahontas/movement.tres,AbilitySystem,Implemented,ReadyForReplacement,Valid,true
Ability,pocahontas_tidewater_tempest,5,res://resources/Abilities/pocahontas/ultimate.tres,AbilitySystem,Implemented,ReadyForReplacement,Valid,true
# Nine Story-only Resonance grids
ResonanceGrid,einstein,3|5,res://resources/Resonance/einstein_grid.tres,ResonanceProgression,Implemented,NotRequired,Valid,true
ResonanceGrid,joan,3|5,res://resources/Resonance/joan_grid.tres,ResonanceProgression,Implemented,NotRequired,Valid,true
ResonanceGrid,leonardo,3|5,res://resources/Resonance/leonardo_grid.tres,ResonanceProgression,Implemented,NotRequired,Valid,true
ResonanceGrid,lincoln,3|5,res://resources/Resonance/lincoln_grid.tres,ResonanceProgression,Implemented,NotRequired,Valid,true
ResonanceGrid,cleopatra,3|5,res://resources/Resonance/cleopatra_grid.tres,ResonanceProgression,Implemented,NotRequired,Valid,true
ResonanceGrid,tesla,3|5,res://resources/Resonance/tesla_grid.tres,ResonanceProgression,Implemented,NotRequired,Valid,true
ResonanceGrid,shakespeare,3|5,res://resources/Resonance/shakespeare_grid.tres,ResonanceProgression,Implemented,NotRequired,Valid,true
ResonanceGrid,mozart,3|5,res://resources/Resonance/mozart_grid.tres,ResonanceProgression,Implemented,NotRequired,Valid,true
ResonanceGrid,pocahontas,3|5,res://resources/Resonance/pocahontas_grid.tres,ResonanceProgression,Implemented,NotRequired,Valid,true
# Complete Section 6 standard/elite roster: 27 authored EnemyData resources (Package 4)
Enemy,chrono_slasher,6,res://resources/Enemies/chrono_slasher.tres,EnemyFactory,Implemented,ReadyForReplacement,Valid,true
Enemy,tech_enforcer,6,res://resources/Enemies/tech_enforcer.tres,EnemyFactory,Implemented,ReadyForReplacement,Valid,true
Enemy,cyber_guard,6,res://resources/Enemies/cyber_guard.tres,EnemyFactory,Implemented,ReadyForReplacement,Valid,true
Enemy,steam_automaton,6,res://resources/Enemies/steam_automaton.tres,EnemyFactory,Implemented,ReadyForReplacement,Valid,true
Enemy,laser_archer,6,res://resources/Enemies/laser_archer.tres,EnemyFactory,Implemented,ReadyForReplacement,Valid,true
Enemy,neural_linked_knight,6,res://resources/Enemies/neural_linked_knight.tres,EnemyFactory,Implemented,ReadyForReplacement,Valid,true
Enemy,voltaic_shock_drone,6,res://resources/Enemies/voltaic_shock_drone.tres,EnemyFactory,Implemented,ReadyForReplacement,Valid,true
Enemy,tesla_exo_baron,6,res://resources/Enemies/tesla_exo_baron.tres,EnemyFactory,Implemented,ReadyForReplacement,Valid,true
Enemy,chrono_rioter,6,res://resources/Enemies/chrono_rioter.tres,EnemyFactory,Implemented,ReadyForReplacement,Valid,true
Enemy,plasma_sabre_captain,6,res://resources/Enemies/plasma_sabre_captain.tres,EnemyFactory,Implemented,ReadyForReplacement,Valid,true
Enemy,shock_shield_legionnaire,6,res://resources/Enemies/shock_shield_legionnaire.tres,EnemyFactory,Implemented,ReadyForReplacement,Valid,true
Enemy,cyber_centurion,6,res://resources/Enemies/cyber_centurion.tres,EnemyFactory,Implemented,ReadyForReplacement,Valid,true
Enemy,laser_pistol_deckhand,6,res://resources/Enemies/laser_pistol_deckhand.tres,EnemyFactory,Implemented,ReadyForReplacement,Valid,true
Enemy,overcharged_cannon_master,6,res://resources/Enemies/overcharged_cannon_master.tres,EnemyFactory,Implemented,ReadyForReplacement,Valid,true
Enemy,plasma_spear_ward,6,res://resources/Enemies/plasma_spear_ward.tres,EnemyFactory,Implemented,ReadyForReplacement,Valid,true
Enemy,chrono_chariot_raider,6,res://resources/Enemies/chrono_chariot_raider.tres,EnemyFactory,Implemented,ReadyForReplacement,Valid,true
Enemy,infrared_border_sentry,6,res://resources/Enemies/infrared_border_sentry.tres,EnemyFactory,Implemented,ReadyForReplacement,Valid,true
Enemy,neural_mech_walker,6,res://resources/Enemies/neural_mech_walker.tres,EnemyFactory,Implemented,ReadyForReplacement,Valid,true
Enemy,holo_page,6,res://resources/Enemies/holo_page.tres,EnemyFactory,Implemented,ReadyForReplacement,Valid,true
Enemy,kinetic_royal_guard,6,res://resources/Enemies/kinetic_royal_guard.tres,EnemyFactory,Implemented,ReadyForReplacement,Valid,true
Enemy,laser_rifle_infantry,6,res://resources/Enemies/laser_rifle_infantry.tres,EnemyFactory,Implemented,ReadyForReplacement,Valid,true
Enemy,cyber_cavalry_commander,6,res://resources/Enemies/cyber_cavalry_commander.tres,EnemyFactory,Implemented,ReadyForReplacement,Valid,true
Enemy,vacuum_digger,6,res://resources/Enemies/vacuum_digger.tres,EnemyFactory,Implemented,ReadyForReplacement,Valid,true
Enemy,void_enforcer,6,res://resources/Enemies/void_enforcer.tres,EnemyFactory,Implemented,ReadyForReplacement,Valid,true
Enemy,rift_phantom,6,res://resources/Enemies/rift_phantom.tres,EnemyFactory,Implemented,ReadyForReplacement,Valid,true
Enemy,chrono_guard_elite,6,res://resources/Enemies/chrono_guard_elite.tres,EnemyFactory,Implemented,ReadyForReplacement,Valid,true
Enemy,hologram_drone,6,res://resources/Enemies/hologram_drone.tres,EnemyFactory,Implemented,ReadyForReplacement,Valid,true
# Fifteen campaign bosses: fourteen scripted BossData kits plus the CPU-driven Mirror Paradox (Package 4)
Boss,borgia_inquisitor,6,res://resources/Bosses/borgia_inquisitor.tres,BossController,Implemented,ReadyForReplacement,Valid,true
Boss,siegemaster_duke,6,res://resources/Bosses/siegemaster_duke.tres,BossController,Implemented,ReadyForReplacement,Valid,true
Boss,chronal_inventor,6,res://resources/Bosses/chronal_inventor.tres,BossController,Implemented,ReadyForReplacement,Valid,true
Boss,revolutionary_tribunal,6,res://resources/Bosses/revolutionary_tribunal.tres,BossController,Implemented,ReadyForReplacement,Valid,true
Boss,tidal_eraser,6,res://resources/Bosses/tidal_eraser.tres,BossController,Implemented,ReadyForReplacement,Valid,true
Boss,vulcan_decimator,6,res://resources/Bosses/vulcan_decimator.tres,BossController,Implemented,ReadyForReplacement,Valid,true
Boss,dread_admiral,6,res://resources/Bosses/dread_admiral.tres,BossController,Implemented,ReadyForReplacement,Valid,true
Boss,jackal_priest,6,res://resources/Bosses/jackal_priest.tres,BossController,Implemented,ReadyForReplacement,Valid,true
Boss,iron_chancellor,6,res://resources/Bosses/iron_chancellor.tres,BossController,Implemented,ReadyForReplacement,Valid,true
Boss,tragedy_king,6,res://resources/Bosses/tragedy_king.tres,BossController,Implemented,ReadyForReplacement,Valid,true
Boss,siege_cannon,6,res://resources/Bosses/siege_cannon.tres,BossController,Implemented,ReadyForReplacement,Valid,true
Boss,gravity_overseer,6,res://resources/Bosses/gravity_overseer.tres,BossController,Implemented,ReadyForReplacement,Valid,true
Boss,mirror_paradox,6,res://resources/Bosses/mirror_paradox.tres,FighterCpuController,Implemented,ReadyForReplacement,Valid,true
Boss,archive_prime,6,res://resources/Bosses/archive_prime.tres,BossController,Implemented,ReadyForReplacement,Valid,true
Boss,apex_eraser,6,res://resources/Bosses/apex_eraser.tres,BossController,Implemented,ReadyForReplacement,Valid,true
# Dialogue sets: one per level plus hub
DialogueSet,dialogue_level_00,4|16,res://resources/Dialogue/level_00_dialogue.tres,DialogueManager,Planned,Placeholder,Pending,true
DialogueSet,dialogue_level_01,4|16,res://resources/Dialogue/level_01_dialogue.tres,DialogueManager,Planned,Placeholder,Pending,true
DialogueSet,dialogue_level_02,16,res://resources/Dialogue/level_02_dialogue.tres,DialogueManager,Implemented,ReadyForReplacement,Valid,true
DialogueSet,dialogue_level_03,16,res://resources/Dialogue/level_03_dialogue.tres,DialogueManager,Implemented,ReadyForReplacement,Valid,true
DialogueSet,dialogue_level_04,16,res://resources/Dialogue/level_04_dialogue.tres,DialogueManager,Implemented,ReadyForReplacement,Valid,true
DialogueSet,dialogue_level_05,16,res://resources/Dialogue/level_05_dialogue.tres,DialogueManager,Implemented,ReadyForReplacement,Valid,true
DialogueSet,dialogue_level_06,16,res://resources/Dialogue/level_06_dialogue.tres,DialogueManager,Implemented,ReadyForReplacement,Valid,true
DialogueSet,dialogue_level_07,16,res://resources/Dialogue/level_07_dialogue.tres,DialogueManager,Implemented,ReadyForReplacement,Valid,true
DialogueSet,dialogue_level_08,16,res://resources/Dialogue/level_08_dialogue.tres,DialogueManager,Implemented,ReadyForReplacement,Valid,true
DialogueSet,dialogue_level_09,16,res://resources/Dialogue/level_09_dialogue.tres,DialogueManager,Implemented,ReadyForReplacement,Valid,true
DialogueSet,dialogue_level_10,16,res://resources/Dialogue/level_10_dialogue.tres,DialogueManager,Implemented,ReadyForReplacement,Valid,true
DialogueSet,dialogue_level_11,16,res://resources/Dialogue/level_11_dialogue.tres,DialogueManager,Implemented,ReadyForReplacement,Valid,true
DialogueSet,dialogue_level_12,16,res://resources/Dialogue/level_12_dialogue.tres,DialogueManager,Implemented,ReadyForReplacement,Valid,true
DialogueSet,dialogue_level_13,16,res://resources/Dialogue/level_13_dialogue.tres,DialogueManager,Implemented,ReadyForReplacement,Valid,true
DialogueSet,dialogue_level_14,16,res://resources/Dialogue/level_14_dialogue.tres,DialogueManager,Implemented,ReadyForReplacement,Valid,true
DialogueSet,dialogue_level_15,16,res://resources/Dialogue/level_15_dialogue.tres,DialogueManager,Implemented,ReadyForReplacement,Valid,true
DialogueSet,dialogue_hub,3|16,res://resources/Dialogue/hub_dialogue.tres,DialogueManager,Planned,Placeholder,Pending,true
# Initial-release UI screens/components
UIScreen,main_menu,7,res://scenes/menus/MainMenu.tscn,MainMenu,Implemented,ReadyForReplacement,Valid,true
UIScreen,save_select,7,res://scenes/menus/MainMenu.tscn,MainMenu,Prototype,Placeholder,Valid,true
UIScreen,story_character_select,7,res://scenes/menus/CharacterSelect.tscn,CharacterSelectScreen,Prototype,Placeholder,Valid,true
UIScreen,difficulty_select,7,res://scenes/menus/MainMenu.tscn,MainMenu,Prototype,Placeholder,Valid,true
UIScreen,story_hud,7,res://scenes/ui/StoryHUD.tscn,HUDController,Planned,Placeholder,Pending,true
UIScreen,dialogue_box,7,res://scenes/ui/DialogueBox.tscn,DialogueManager,Planned,Placeholder,Pending,true
UIScreen,resonance_grid,3|7,res://scenes/ui/ResonanceGrid.tscn,ResonanceGridPanel,Planned,Placeholder,Pending,true
UIScreen,level_results,7,res://scenes/ui/LevelResults.tscn,LevelManager,Implemented,ReadyForReplacement,Valid,true
UIScreen,network_select,7,res://scenes/menus/NetworkSelect.tscn,MatchmakingManager,Planned,Placeholder,Pending,true
UIScreen,fighter_character_select,7,res://scenes/menus/CharacterSelect.tscn,CharacterSelectScreen,Prototype,Placeholder,Valid,true
UIScreen,stage_select,7,res://scenes/menus/CharacterSelect.tscn,CharacterSelectScreen,Prototype,Placeholder,Valid,true
UIScreen,match_settings,7,res://scenes/menus/CharacterSelect.tscn,CharacterSelectScreen,Prototype,Placeholder,Valid,true
UIScreen,fighter_hud,7,res://scenes/arenas/TestArena.tscn,TestArenaHUD,Prototype,Placeholder,Valid,true
UIScreen,story_pause,11,res://scenes/ui/StoryPause.tscn,PauseMenu,Planned,Placeholder,Pending,true
UIScreen,local_pause,11,res://scenes/ui/LocalFighterPause.tscn,PauseMenu,Planned,Placeholder,Pending,true
UIScreen,online_pause,11,res://scenes/ui/OnlineFighterPause.tscn,PauseMenu,Planned,Placeholder,Pending,true
UIScreen,match_results,11,res://scenes/ui/MatchResults.tscn,TestArenaHUD,Planned,Placeholder,Pending,true
UIScreen,settings,12,res://scenes/ui/Settings.tscn,SettingsMenu,Planned,Placeholder,Pending,true
UIScreen,story_loading,7,res://scenes/ui/StoryLoading.tscn,GameManager,Planned,Placeholder,Pending,true
UIScreen,fighter_loading,7,res://scenes/ui/FighterLoading.tscn,GameManager,Planned,Placeholder,Pending,true
UIScreen,credits,7,res://scenes/ui/Credits.tscn,GameManager,Implemented,ReadyForReplacement,Valid,true
UIScreen,network_error,11,res://scenes/ui/NetworkError.tscn,NetworkManager,Planned,Placeholder,Pending,true
# Pool categories
Pool,projectiles,4,res://scenes/templates/ProjectileTemplate.tscn,PoolManager,Implemented,Placeholder,Valid,true
Pool,combat_vfx,4,res://scenes/templates/PooledVfxTemplate.tscn,PoolManager,Implemented,Placeholder,Valid,true
Pool,environment_vfx,4,res://scenes/templates/EnvironmentalVfxTemplate.tscn,PoolManager,Implemented,Placeholder,Valid,true
Pool,enemies,4,res://scenes/templates/StandardEnemyTemplate.tscn,PoolManager,Implemented,Placeholder,Valid,true
Pool,loot,4,res://scenes/templates/PickupTemplate.tscn,PoolManager,Implemented,Placeholder,Valid,true
Pool,damage_numbers,4,res://scenes/ui/FloatingDamageNumber.tscn,PoolManager,Implemented,ReadyForReplacement,Valid,true
Pool,persistent_constructs,4,res://scenes/templates/PersistentConstructTemplate.tscn,PoolManager,Implemented,Placeholder,Valid,true
# Audio sets: hub/tutorial/levels plus ten stages
AudioSet,audio_tutorial,8,res://resources/Audio/tutorial_audio.tres,AudioManager,Planned,Placeholder,Pending,true
AudioSet,audio_hub,8,res://resources/Audio/hub_audio.tres,AudioManager,Planned,Placeholder,Pending,true
AudioSet,audio_level_01,8,res://resources/Audio/level_01_audio.tres,AudioManager,Planned,Placeholder,Pending,true
AudioSet,audio_level_02,8,res://resources/Audio/level_02_audio.tres,AudioManager,Planned,Placeholder,Pending,true
AudioSet,audio_level_03,8,res://resources/Audio/level_03_audio.tres,AudioManager,Planned,Placeholder,Pending,true
AudioSet,audio_level_04,8,res://resources/Audio/level_04_audio.tres,AudioManager,Planned,Placeholder,Pending,true
AudioSet,audio_level_05,8,res://resources/Audio/level_05_audio.tres,AudioManager,Planned,Placeholder,Pending,true
AudioSet,audio_level_06,8,res://resources/Audio/level_06_audio.tres,AudioManager,Planned,Placeholder,Pending,true
AudioSet,audio_level_07,8,res://resources/Audio/level_07_audio.tres,AudioManager,Planned,Placeholder,Pending,true
AudioSet,audio_level_08,8,res://resources/Audio/level_08_audio.tres,AudioManager,Planned,Placeholder,Pending,true
AudioSet,audio_level_09,8,res://resources/Audio/level_09_audio.tres,AudioManager,Planned,Placeholder,Pending,true
AudioSet,audio_level_10,8,res://resources/Audio/level_10_audio.tres,AudioManager,Planned,Placeholder,Pending,true
AudioSet,audio_level_11,8,res://resources/Audio/level_11_audio.tres,AudioManager,Planned,Placeholder,Pending,true
AudioSet,audio_level_12,8,res://resources/Audio/level_12_audio.tres,AudioManager,Planned,Placeholder,Pending,true
AudioSet,audio_level_13,8,res://resources/Audio/level_13_audio.tres,AudioManager,Planned,Placeholder,Pending,true
AudioSet,audio_level_14,8,res://resources/Audio/level_14_audio.tres,AudioManager,Planned,Placeholder,Pending,true
AudioSet,audio_level_15,8,res://resources/Audio/level_15_audio.tres,AudioManager,Planned,Placeholder,Pending,true
AudioSet,audio_stage_florence,8|10,res://resources/Audio/stage_florence_audio.tres,AudioManager,Planned,Placeholder,Pending,true
AudioSet,audio_stage_orleans,8|10,res://resources/Audio/stage_orleans_audio.tres,AudioManager,Planned,Placeholder,Pending,true
AudioSet,audio_stage_chicago,8|10,res://resources/Audio/stage_chicago_audio.tres,AudioManager,Planned,Placeholder,Pending,true
AudioSet,audio_stage_paris,8|10,res://resources/Audio/stage_paris_audio.tres,AudioManager,Planned,Placeholder,Pending,true
AudioSet,audio_stage_pompeii,8|10,res://resources/Audio/stage_pompeii_audio.tres,AudioManager,Planned,Placeholder,Pending,true
AudioSet,audio_stage_nassau,8|10,res://resources/Audio/stage_nassau_audio.tres,AudioManager,Planned,Placeholder,Pending,true
AudioSet,audio_stage_egypt,8|10,res://resources/Audio/stage_egypt_audio.tres,AudioManager,Planned,Placeholder,Pending,true
AudioSet,audio_stage_berlin,8|10,res://resources/Audio/stage_berlin_audio.tres,AudioManager,Planned,Placeholder,Pending,true
AudioSet,audio_stage_globe,8|10,res://resources/Audio/stage_globe_audio.tres,AudioManager,Planned,Placeholder,Pending,true
AudioSet,audio_stage_gettysburg,8|10,res://resources/Audio/stage_gettysburg_audio.tres,AudioManager,Planned,Placeholder,Pending,true
# Visual asset families: nine characters; aggregate enemies/bosses; levels/hub; stages; UI/items/shaders
VisualSet,visual_character_einstein,9|17,res://resources/SpriteFrames/einstein_frames.tres,CharacterFactory,Prototype,Placeholder,Valid,true
VisualSet,visual_character_joan,9|17,res://resources/SpriteFrames/joan_frames.tres,CharacterFactory,Prototype,Placeholder,Valid,true
VisualSet,visual_character_leonardo,9|17,res://resources/SpriteFrames/leonardo_frames.tres,CharacterFactory,Prototype,Placeholder,Valid,true
VisualSet,visual_character_lincoln,9|17,res://resources/SpriteFrames/lincoln_frames.tres,CharacterFactory,Prototype,Placeholder,Valid,true
VisualSet,visual_character_cleopatra,9|17,res://resources/SpriteFrames/cleopatra_frames.tres,CharacterFactory,Prototype,Placeholder,Valid,true
VisualSet,visual_character_tesla,9|17,res://resources/SpriteFrames/tesla_frames.tres,CharacterFactory,Prototype,Placeholder,Valid,true
VisualSet,visual_character_shakespeare,9|17,res://resources/SpriteFrames/shakespeare_frames.tres,CharacterFactory,Prototype,Placeholder,Valid,true
VisualSet,visual_character_mozart,9|17,res://resources/SpriteFrames/mozart_frames.tres,CharacterFactory,Prototype,Placeholder,Valid,true
VisualSet,visual_character_pocahontas,9|17,res://resources/SpriteFrames/pocahontas_frames.tres,CharacterFactory,Prototype,Placeholder,Valid,true
VisualSet,visual_enemy_roster,9|17,res://assets/placeholders/enemy_silhouette.svg,EnemyFactory,Prototype,Placeholder,Valid,true
VisualSet,visual_boss_roster,9|17,res://assets/placeholders/boss_silhouette.svg,BossController,Prototype,Placeholder,Valid,true
VisualSet,visual_level_00,9|17,res://assets/placeholders/parallax_far.svg,LevelManager,Prototype,Placeholder,Valid,true
VisualSet,visual_level_01,9|17,res://assets/placeholders/parallax_far.svg,LevelManager,Prototype,Placeholder,Valid,true
VisualSet,visual_level_02,9|17,res://assets/placeholders/parallax_far.svg,LevelManager,Prototype,Placeholder,Valid,true
VisualSet,visual_level_03,9|17,res://assets/placeholders/parallax_far.svg,LevelManager,Prototype,Placeholder,Valid,true
VisualSet,visual_level_04,9|17,res://assets/placeholders/parallax_far.svg,LevelManager,Prototype,Placeholder,Valid,true
VisualSet,visual_level_05,9|17,res://assets/placeholders/parallax_far.svg,LevelManager,Prototype,Placeholder,Valid,true
VisualSet,visual_level_06,9|17,res://assets/placeholders/parallax_far.svg,LevelManager,Prototype,Placeholder,Valid,true
VisualSet,visual_level_07,9|17,res://assets/placeholders/parallax_far.svg,LevelManager,Prototype,Placeholder,Valid,true
VisualSet,visual_level_08,9|17,res://assets/placeholders/parallax_far.svg,LevelManager,Prototype,Placeholder,Valid,true
VisualSet,visual_level_09,9|17,res://assets/placeholders/parallax_far.svg,LevelManager,Prototype,Placeholder,Valid,true
VisualSet,visual_level_10,9|17,res://assets/placeholders/parallax_far.svg,LevelManager,Prototype,Placeholder,Valid,true
VisualSet,visual_level_11,9|17,res://assets/placeholders/parallax_far.svg,LevelManager,Prototype,Placeholder,Valid,true
VisualSet,visual_level_12,9|17,res://assets/placeholders/parallax_far.svg,LevelManager,Prototype,Placeholder,Valid,true
VisualSet,visual_level_13,9|17,res://assets/placeholders/parallax_far.svg,LevelManager,Prototype,Placeholder,Valid,true
VisualSet,visual_level_14,9|17,res://assets/placeholders/parallax_far.svg,LevelManager,Prototype,Placeholder,Valid,true
VisualSet,visual_level_15,9|17,res://assets/placeholders/parallax_far.svg,LevelManager,Prototype,Placeholder,Valid,true
VisualSet,visual_hub,9|17,res://assets/placeholders/parallax_far.svg,HubWorldController,Prototype,Placeholder,Valid,true
VisualSet,visual_stage_florence,9|17,res://assets/placeholders/parallax_far.svg,FighterStageCatalog,Prototype,Placeholder,Valid,true
VisualSet,visual_stage_orleans,9|17,res://assets/placeholders/parallax_far.svg,FighterStageCatalog,Prototype,Placeholder,Valid,true
VisualSet,visual_stage_chicago,9|17,res://assets/placeholders/parallax_far.svg,FighterStageCatalog,Prototype,Placeholder,Valid,true
VisualSet,visual_stage_paris,9|17,res://assets/placeholders/parallax_far.svg,FighterStageCatalog,Prototype,Placeholder,Valid,true
VisualSet,visual_stage_pompeii,9|17,res://assets/placeholders/parallax_far.svg,FighterStageCatalog,Prototype,Placeholder,Valid,true
VisualSet,visual_stage_nassau,9|17,res://assets/placeholders/parallax_far.svg,FighterStageCatalog,Prototype,Placeholder,Valid,true
VisualSet,visual_stage_egypt,9|17,res://assets/placeholders/parallax_far.svg,FighterStageCatalog,Prototype,Placeholder,Valid,true
VisualSet,visual_stage_berlin,9|17,res://assets/placeholders/parallax_far.svg,FighterStageCatalog,Prototype,Placeholder,Valid,true
VisualSet,visual_stage_globe,9|17,res://assets/placeholders/parallax_far.svg,FighterStageCatalog,Prototype,Placeholder,Valid,true
VisualSet,visual_stage_gettysburg,9|17,res://assets/placeholders/parallax_far.svg,FighterStageCatalog,Prototype,Placeholder,Valid,true
VisualSet,visual_ui,9|17,res://assets/placeholders/icon.svg,UI,Prototype,Placeholder,Valid,true
VisualSet,visual_items,9|17,res://assets/placeholders/orb.svg,ItemSystem,Prototype,Placeholder,Valid,true
VisualSet,visual_shaders,9|17,res://assets/placeholders/flat_normal.svg,Presentation,Prototype,Placeholder,Valid,true
# Fourteen reusable authored templates
Template,story_level_template,4|7,res://scenes/templates/StoryLevelTemplate.tscn,LevelManager,Implemented,Placeholder,Valid,true
Template,fighter_stage_template,4|10,res://scenes/templates/FighterStageTemplate.tscn,FighterStageCatalog,Implemented,Placeholder,Valid,true
Template,player_presentation_template,4|9,res://scenes/templates/PlayerPresentationTemplate.tscn,CharacterFactory,Implemented,Placeholder,Valid,true
Template,standard_enemy_template,4|6,res://scenes/templates/StandardEnemyTemplate.tscn,EnemyFactory,Implemented,Placeholder,Valid,true
Template,elite_enemy_template,4|6,res://scenes/templates/EliteEnemyTemplate.tscn,EnemyFactory,Implemented,Placeholder,Valid,true
Template,boss_template,4|6,res://scenes/templates/BossTemplate.tscn,BossController,Implemented,Placeholder,Valid,true
Template,projectile_template,4,res://scenes/templates/ProjectileTemplate.tscn,PoolManager,Implemented,Placeholder,Valid,true
Template,persistent_construct_template,4,res://scenes/templates/PersistentConstructTemplate.tscn,PoolManager,Implemented,Placeholder,Valid,true
Template,pickup_template,4|7,res://scenes/templates/PickupTemplate.tscn,ItemSystem,Implemented,Placeholder,Valid,true
Template,checkpoint_template,3|7,res://scenes/templates/CheckpointTemplate.tscn,LevelManager,Implemented,Placeholder,Valid,true
Template,dialogue_trigger_template,4,res://scenes/templates/DialogueTriggerTemplate.tscn,DialogueManager,Implemented,Placeholder,Valid,true
Template,puzzle_object_template,7,res://scenes/templates/PuzzleObjectTemplate.tscn,PuzzleManager,Implemented,Placeholder,Valid,true
Template,hazard_template,7,res://scenes/templates/HazardTemplate.tscn,HazardController,Implemented,Placeholder,Valid,true
Template,pooled_vfx_template,4|9,res://scenes/templates/PooledVfxTemplate.tscn,PoolManager,Implemented,Placeholder,Valid,true
